,Trade_Date,day_of_week,RSI,Chaikin,Adj_Close
2001-02-02,2001-02-02,Friday,,,19.357029
2001-02-09,2001-02-09,Friday,,,18.819891
2001-02-16,2001-02-16,Friday,,-21643164.73088047,18.242958
2001-02-23,2001-02-23,Friday,39.712512194985486,-20889612.289113313,18.063908
2001-03-02,2001-03-02,Friday,40.923756023880564,10577004.585307345,18.04402
2001-03-09,2001-03-09,Friday,42.57092386028291,16090378.848274335,18.04402
2001-03-16,2001-03-16,Friday,41.775792465049236,-595355.8237279952,17.367615
2001-03-23,2001-03-23,Friday,50.42645474013998,1130043.4629505128,18.004221
2001-03-30,2001-03-30,Friday,46.17556176996099,-17194974.872619063,17.407396
2001-04-06,2001-04-06,Friday,50.844592682290276,-23160783.56711057,17.884861
2001-04-20,2001-04-20,Friday,70.98087158142384,56264712.02954824,21.96316
2001-04-27,2001-04-27,Friday,61.80258667606402,1803921.994573351,21.364761
2001-05-04,2001-05-04,Friday,65.70902768025282,-11735126.762773044,22.520208
2001-05-11,2001-05-11,Friday,58.98202534870893,202263.5769436285,22.09049
2001-05-18,2001-05-18,Friday,53.83940522248075,-28392918.671528563,21.673504
2001-05-25,2001-05-25,Friday,59.96260610747076,6189405.47018642,22.571133
2001-06-01,2001-06-01,Friday,57.06642036143618,-23597164.340819046,22.389698
2001-06-08,2001-06-08,Friday,63.71034568900756,50957860.840479806,23.296873
2001-06-15,2001-06-15,Friday,42.71757796522022,27811483.45232603,21.651228
2001-06-22,2001-06-22,Friday,47.50431418552982,18338153.458329413,21.909054
2001-06-29,2001-06-29,Friday,61.92416162517787,51698172.42126651,23.236389
2001-07-06,2001-07-06,Friday,37.825704939925394,-16770908.976985648,21.027344
2001-07-13,2001-07-13,Friday,55.872443429022745,-1116522.3298873678,22.708
2001-07-20,2001-07-20,Friday,48.35696976885377,63646194.99775639,22.020464
2001-07-27,2001-07-27,Friday,40.61948229935652,47233113.59712535,20.839546
2001-08-03,2001-08-03,Friday,45.72480927951575,28529603.441412628,21.291544
2001-08-10,2001-08-10,Friday,42.73871779806851,7395185.17753306,20.855457
2001-08-17,2001-08-17,Friday,34.93937033607848,-5469938.4134348035,19.696819
2001-08-24,2001-08-24,Friday,41.993216844221465,6283036.764922202,19.750938
2001-08-31,2001-08-31,Friday,31.346371657997807,-46533409.489130214,18.159399
2001-09-07,2001-09-07,Friday,31.565065913076406,-103330391.62637082,17.634193
2001-09-21,2001-09-21,Friday,28.485401570439116,-49472025.16929149,15.82303
2001-09-28,2001-09-28,Friday,36.673448234751156,32972006.174537797,16.287758
2001-10-05,2001-10-05,Friday,55.52451524094795,66790398.86449626,18.372667
2001-10-12,2001-10-12,Friday,51.51330135052547,74747339.09023806,17.946129
2001-10-19,2001-10-19,Friday,54.68392129811244,70815117.78070414,18.429968
2001-10-26,2001-10-26,Friday,63.99532913312732,100746861.92870373,19.798681
2001-11-02,2001-11-02,Friday,58.234106282676024,18593576.007071793,19.544037
2001-11-09,2001-11-09,Friday,65.51888757720053,18815961.76856035,20.756783
2001-11-16,2001-11-16,Friday,61.99531793015621,1743044.964882195,20.928669
2001-11-23,2001-11-23,Friday,56.14776467991184,-11708738.823764503,20.59763
2001-11-30,2001-11-30,Friday,53.10255557927728,-14502343.469491184,20.438477
2001-12-07,2001-12-07,Friday,61.75941218914244,59893569.541687846,21.590748
2001-12-14,2001-12-14,Friday,57.74493996406148,16686528.297185302,21.466616
2001-12-21,2001-12-21,Friday,54.574681180299166,19038478.393161297,21.498436
2001-12-28,2001-12-28,Friday,55.61866440965887,-15503686.920527577,21.603483
2002-01-04,2002-01-04,Friday,57.90255593390271,6450489.299005866,21.931334
2002-01-11,2002-01-11,Friday,54.75715012569944,-34658880.229319215,21.839025
2002-01-18,2002-01-18,Friday,44.33541825574776,-11152676.774120212,21.04007
2002-01-25,2002-01-25,Friday,39.39312852616521,-48158947.82719338,20.307974
2002-02-01,2002-02-01,Friday,38.57329632961648,-1962036.2709116936,19.945103
2002-02-08,2002-02-08,Friday,35.746182196555466,-52294400.50340176,19.305315
2002-02-15,2002-02-15,Friday,38.110810871322165,-22333994.795497537,19.171618
2002-02-22,2002-02-22,Friday,33.97625184051405,-45886096.743209004,18.458616
2002-03-01,2002-03-01,Friday,50.921172551459684,-47068985.99606314,19.534485
2002-03-08,2002-03-08,Friday,58.39986933631752,22422234.83913976,20.355724
2002-03-15,2002-03-15,Friday,51.8541969802957,21502188.504519343,19.890985
2002-03-22,2002-03-22,Friday,44.81345919714282,569722.3959003091,19.241638
2002-04-05,2002-04-05,Friday,32.69574813674615,-29222602.54806727,17.7838
2002-04-12,2002-04-12,Friday,40.48619051424846,-20204490.926020145,17.802898
2002-04-19,2002-04-19,Friday,46.80715619330455,-14483358.053589284,18.207144
2002-04-26,2002-04-26,Friday,33.01707969695738,-69564928.86638524,16.392799
2002-05-03,2002-05-03,Friday,30.69968565121573,-84305056.81559461,15.775287
2002-05-10,2002-05-10,Friday,40.490353056042764,-66402371.72357032,15.931255
2002-05-17,2002-05-17,Friday,55.05432252111602,6461567.171214633,17.834723
2002-05-24,2002-05-24,Friday,48.06829170787931,11490791.367391244,16.95302
2002-05-31,2002-05-31,Friday,42.56102925025041,-18496938.623640656,16.205
2002-06-07,2002-06-07,Friday,47.47965795149679,18038710.468072414,16.54558
2002-06-14,2002-06-14,Friday,56.65093509419577,52729162.758374795,17.586451
2002-06-21,2002-06-21,Friday,45.64185913113189,-65194351.149034366,16.641075
2002-06-28,2002-06-28,Friday,53.37855553815274,17217938.95626974,17.411377
2002-07-05,2002-07-05,Friday,54.205763489428136,-15470739.793072373,17.459124
2002-07-12,2002-07-12,Friday,45.464155123395194,-50138364.38841128,16.507395
2002-07-19,2002-07-19,Friday,38.98541866883275,-37689406.089502394,15.775287
2002-07-26,2002-07-26,Friday,38.993704033878835,-34910343.78885859,14.435214
2002-08-02,2002-08-02,Friday,38.53386462919057,33143003.38614899,14.136003
2002-08-09,2002-08-09,Friday,49.15702865817044,30958061.37871602,15.316921
2002-08-16,2002-08-16,Friday,54.012414514689,46008811.977330536,15.915339
2002-08-23,2002-08-23,Friday,57.5000623437303,81010198.04836792,16.621979
2002-08-30,2002-08-30,Friday,47.391064529149816,2369497.0455793357,15.6225
2002-09-06,2002-09-06,Friday,46.116565514211686,-58399597.0788763,15.221432
2002-09-13,2002-09-13,Friday,46.88106200463425,-21259984.694518223,15.250075
2002-09-20,2002-09-20,Friday,46.0362257584302,-37107833.04630405,15.106836
2002-09-27,2002-09-27,Friday,40.5810645813023,-67406550.8705121,14.403378
2002-10-04,2002-10-04,Friday,39.16772366478926,-99173085.16099584,13.932286
2002-10-11,2002-10-11,Friday,57.6384648648318,-42368064.66065729,15.555649
2002-10-18,2002-10-18,Friday,64.9475105401829,61148980.299352586,16.918001
2002-10-25,2002-10-25,Friday,59.78060937973435,106001084.18972929,16.768396
2002-11-01,2002-11-01,Friday,59.30953805038474,101459634.91490893,16.870264
2002-11-08,2002-11-08,Friday,60.26940267364714,83984443.55140316,17.538698
2002-11-15,2002-11-15,Friday,62.74821022380706,66486381.67314425,18.044815
2002-11-22,2002-11-22,Friday,64.39464254330576,84004489.4199695,18.53182
2002-11-29,2002-11-29,Friday,59.91798055141512,32538557.012746572,18.359936
2002-12-06,2002-12-06,Friday,49.724309940656,-24567957.716158986,17.656483
2002-12-13,2002-12-13,Friday,39.28296869744715,-39818568.891818285,16.711098
2002-12-20,2002-12-20,Friday,42.76200142089143,-60188145.83118302,16.882994
2002-12-27,2002-12-27,Friday,42.990495413593216,-60001731.40818876,16.86071
2003-01-03,2003-01-03,Friday,49.076479137574424,-4748082.477063954,17.121723
2003-01-10,2003-01-10,Friday,56.968383824152966,48729231.73263718,17.799715
2003-01-17,2003-01-17,Friday,38.09996526156594,-34171427.31724967,16.380056
2003-01-24,2003-01-24,Friday,35.788874997093636,-121689993.2366308,15.867599
2003-01-31,2003-01-31,Friday,32.1732806893175,-100189307.48928457,15.106836
2003-02-07,2003-02-07,Friday,33.349947793483686,-72853043.91919798,14.826727
2003-02-14,2003-02-14,Friday,44.438921956372276,-5680915.411952019,15.374211
2003-02-21,2003-02-21,Friday,49.7437014655341,27016956.83367428,15.730212
2003-02-28,2003-02-28,Friday,43.22284373658595,-12443284.912198752,15.136256
2003-03-07,2003-03-07,Friday,44.47131321738805,-25885208.097883105,15.046841
2003-03-14,2003-03-14,Friday,57.74880448988156,38550180.406146824,15.877098
2003-03-21,2003-03-21,Friday,67.92152168420185,136979870.05718863,16.96921
2003-03-28,2003-03-28,Friday,48.530461247644055,34700014.04090981,15.755758
2003-04-04,2003-04-04,Friday,51.62320112093566,-24586847.2675786,16.023993
2003-04-11,2003-04-11,Friday,44.04524730451265,-74471497.24786359,15.455586
2003-04-25,2003-04-25,Friday,51.520894878718735,-3760841.4312850237,16.107018
2003-05-02,2003-05-02,Friday,59.05086190803208,-3357050.3675575554,16.669041
2003-05-09,2003-05-09,Friday,58.75824367567037,-14783058.44988525,16.835094
2003-05-16,2003-05-16,Friday,49.38446406119957,-39660683.17861843,16.330551
2003-05-23,2003-05-23,Friday,37.988181418903,-83761036.52127212,15.468358
2003-05-30,2003-05-30,Friday,44.546985590078556,-71824174.4461,15.717433
2003-06-06,2003-06-06,Friday,35.515128448092845,-119935670.44768918,15.117092
2003-06-13,2003-06-13,Friday,48.47544247207594,-30862880.47501421,15.742977
2003-06-20,2003-06-20,Friday,64.3332971821605,29894298.651640177,16.815931
2003-06-27,2003-06-27,Friday,53.995147222636994,-30867606.486293554,16.36887
2003-07-11,2003-07-11,Friday,62.00522612436402,39618066.63775563,17.441814
2003-07-18,2003-07-18,Friday,54.910643990601635,-2210748.425044775,17.173584
2003-07-25,2003-07-25,Friday,54.47364899160172,-21541472.808576465,17.173584
2003-08-01,2003-08-01,Friday,47.51957575834261,-62441069.4132489,16.713749
2003-08-08,2003-08-08,Friday,41.77189951592127,-57162001.871132255,16.336939
2003-08-15,2003-08-15,Friday,41.79536386861686,-28710980.533340693,16.311388
2003-08-22,2003-08-22,Friday,52.08906572167451,-646604.1527887583,16.745678
2003-08-29,2003-08-29,Friday,55.78753534503511,28247153.683894634,16.937277
2003-09-05,2003-09-05,Friday,74.01736333874184,98808904.22998846,18.125189
2003-09-12,2003-09-12,Friday,63.29262520194001,38577916.83064568,18.099638
2003-09-19,2003-09-19,Friday,71.60037757573062,64572843.912466645,19.134272
2003-09-26,2003-09-26,Friday,51.316878511395856,-14935360.415704608,18.003836
2003-10-03,2003-10-03,Friday,57.009198185971556,-15462971.425208569,18.572247
2003-10-10,2003-10-10,Friday,54.809775808348036,-30071380.348497152,18.46368
2003-10-17,2003-10-17,Friday,55.253671988471865,1363048.8817394972,18.580099
2003-10-24,2003-10-24,Friday,33.76807193973755,-15606301.500568628,17.090103
2003-10-31,2003-10-31,Friday,33.53214470073965,-74333372.79736161,16.788246
2003-11-07,2003-11-07,Friday,36.58353159934704,-63593295.31687355,16.762556
2003-11-14,2003-11-14,Friday,33.05159787042917,-64878380.98187888,16.377209
2003-11-21,2003-11-21,Friday,31.95830277091045,-131883647.80763996,16.126734
2003-11-28,2003-11-28,Friday,43.79433472950747,-85790305.42471027,16.512089
2003-12-05,2003-12-05,Friday,48.66850131963193,-80701090.58734417,16.68549
2003-12-12,2003-12-12,Friday,57.86464486451435,2191359.92833972,17.115795
2003-12-19,2003-12-19,Friday,66.52827666955578,30055913.35673833,17.571787
2003-12-26,2003-12-26,Friday,61.63098490134037,13429303.002006054,17.475445
2004-01-02,2004-01-02,Friday,63.392873024722405,16376506.294093132,17.629587
2004-01-09,2004-01-09,Friday,58.17391377702707,17901763.82495475,17.764452
2004-01-16,2004-01-16,Friday,58.88975651895713,21346587.66837406,17.86079
2004-01-23,2004-01-23,Friday,65.18195888582062,20935262.886926055,18.291088
2004-01-30,2004-01-30,Friday,49.04114639575703,1309435.3648697138,17.758038
2004-02-06,2004-02-06,Friday,42.54825345774059,-45777689.15327525,17.391953
2004-02-13,2004-02-13,Friday,37.19500135940824,-45980232.38625169,17.077255
2004-02-20,2004-02-20,Friday,40.03341453455978,-73076956.29201078,17.064405
2004-02-27,2004-02-27,Friday,41.043357455449566,-40861341.760360956,17.038717
2004-03-05,2004-03-05,Friday,39.26108222772804,-16702309.478648186,16.923115
2004-03-12,2004-03-12,Friday,31.51168654611729,-97457680.00903535,16.300133
2004-03-19,2004-03-19,Friday,24.040759414749022,-85753467.1563139,15.818463
2004-03-26,2004-03-26,Friday,41.476319146605604,-43070266.87922573,16.075352
2004-04-02,2004-04-02,Friday,55.256802317155206,20460901.467731,16.601997
2004-04-16,2004-04-16,Friday,43.97419080625104,-33952750.920320034,16.158844
2004-04-23,2004-04-23,Friday,72.10056813220326,23235584.21862936,17.687382
2004-04-30,2004-04-30,Friday,51.928949303279325,-49057748.53995538,16.781822
2004-05-07,2004-05-07,Friday,46.42850948982186,-72781556.64879394,16.557045
2004-05-14,2004-05-14,Friday,47.46705448801855,981234.753865242,16.608416
2004-05-21,2004-05-21,Friday,49.45877465732543,-33286391.585511684,16.627682
2004-05-28,2004-05-28,Friday,55.26813212178489,25169346.093845844,16.846048
2004-06-04,2004-06-04,Friday,49.17885426178194,-7800550.526296139,16.666218
2004-06-18,2004-06-18,Friday,77.62140393346559,109266207.32989073,18.207602
2004-06-25,2004-06-25,Friday,78.49968890790161,92478583.57455778,18.348892
2004-07-02,2004-07-02,Friday,72.1754610009025,43532446.40482187,18.348892
2004-07-09,2004-07-09,Friday,53.73645047612921,5378359.551026583,17.892908
2004-07-16,2004-07-16,Friday,46.57944311230554,-11984170.993357658,17.648853
2004-07-23,2004-07-23,Friday,51.22411959793078,-114377119.64417124,18.002087
2004-07-30,2004-07-30,Friday,55.076509350226935,-53919106.231720686,18.297518
2004-08-06,2004-08-06,Friday,38.27171452917009,-71114671.94493008,17.430485
2004-08-13,2004-08-13,Friday,40.22345765770223,-45133247.4796443,17.353422
2004-08-20,2004-08-20,Friday,44.28879918805222,-25485059.99771762,17.469027
2004-08-27,2004-08-27,Friday,49.72779324659014,-17199516.11779642,17.688028
2004-09-03,2004-09-03,Friday,44.19690010477657,17048327.586884737,17.46258
2004-09-10,2004-09-10,Friday,51.50704774690502,18910398.584691048,17.707357
2004-09-17,2004-09-17,Friday,52.361440560877135,29852920.818072557,17.720236
2004-09-24,2004-09-24,Friday,48.45429664160523,-19373660.298968315,17.578527
2004-10-01,2004-10-01,Friday,65.52922321478498,22627098.97630787,18.196899
2004-10-08,2004-10-08,Friday,55.66556316812422,7616794.113048792,18.029425
2004-10-15,2004-10-15,Friday,54.65443578779045,-30939498.225720167,18.029425
2004-10-22,2004-10-22,Friday,47.01275602613077,-41256250.79597139,17.868387
2004-10-29,2004-10-29,Friday,50.49811411633708,-7352307.165111542,18.016542
2004-11-05,2004-11-05,Friday,68.13527038894264,44275887.775966406,18.879688
2004-11-12,2004-11-12,Friday,73.18929634663333,24669611.780920982,19.304813
2004-11-19,2004-11-19,Friday,63.64441203880804,-31164186.336652517,19.28327
2004-11-26,2004-11-26,Friday,57.21339243287924,-8585196.643614769,19.096611
2004-12-03,2004-12-03,Friday,65.23193451454546,1837847.8708662987,19.54891
2004-12-10,2004-12-10,Friday,57.46026565762591,20671758.273029327,19.441219
2004-12-17,2004-12-17,Friday,52.60207520123023,4087548.13264513,19.355072
2004-12-31,2004-12-31,Friday,45.35204788246403,-45789989.7339344,19.18277
2005-01-07,2005-01-07,Friday,43.946391616609134,-99142925.07012725,19.146877
2005-01-14,2005-01-14,Friday,31.880494947035622,-62589778.06315136,18.752016
2005-01-21,2005-01-21,Friday,27.807332866949203,-66822367.17347431,18.414598
2005-01-28,2005-01-28,Friday,44.73729630000254,-44249472.12799168,18.795094
2005-02-04,2005-02-04,Friday,49.02862589712307,7068592.597897053,18.895599
2005-02-11,2005-02-11,Friday,40.8269436498435,-24431589.393586636,18.644329
2005-02-18,2005-02-18,Friday,31.632648375216288,-51238434.8908577,18.348988
2005-02-25,2005-02-25,Friday,31.544648071061175,-70474196.31020308,18.183352
2005-03-04,2005-03-04,Friday,32.41845057743551,-82790679.91341162,18.125744
2005-03-11,2005-03-11,Friday,36.39115788128755,-76194407.24139309,18.068134
2005-03-18,2005-03-18,Friday,23.787294530403642,-130562764.0330882,17.506432
2005-04-01,2005-04-01,Friday,33.370932680980076,-107959202.2115221,17.369608
2005-04-08,2005-04-08,Friday,55.07264230255746,2418228.6699357033,17.960114
2005-04-15,2005-04-15,Friday,43.778244760437545,-49350328.82633448,17.614452
2005-04-22,2005-04-22,Friday,53.06467040935045,-42218951.99816179,17.988924
2005-04-29,2005-04-29,Friday,56.23154000396396,-41032738.81531143,18.219362
2005-05-06,2005-05-06,Friday,54.538536309211885,-2478779.5343089104,18.161755
2005-05-13,2005-05-13,Friday,56.01652973001008,8043762.523289204,18.219362
2005-05-20,2005-05-20,Friday,61.6054540570094,36073149.9336071,18.595022
2005-05-27,2005-05-27,Friday,65.42618738579816,12722722.084430695,18.833414
2005-06-03,2005-06-03,Friday,49.530785878925485,-6772528.901444435,18.371071
2005-06-10,2005-06-10,Friday,49.50352485568683,-25661711.158597946,18.371071
2005-06-17,2005-06-17,Friday,40.56534755191502,-36052220.85011101,18.089325
2005-06-24,2005-06-24,Friday,42.87842676793375,-54794670.00190592,18.089325
2005-07-01,2005-07-01,Friday,35.304620476462304,-118519490.54450417,17.850933
2005-07-08,2005-07-08,Friday,49.71844023050275,-62475744.0482049,18.125446
2005-07-15,2005-07-15,Friday,61.110650228106735,12233567.703971863,18.63114
2005-07-22,2005-07-22,Friday,52.74349251305029,51219472.900113106,18.551674
2005-07-29,2005-07-29,Friday,51.05145783780174,-20454686.912388325,18.501106
2005-08-05,2005-08-05,Friday,74.8942964833671,77594022.14069414,20.054306
2005-08-12,2005-08-12,Friday,58.90410075408663,31235218.879364014,19.541384
2005-08-19,2005-08-19,Friday,53.68500106788364,-12387841.510604382,19.360247
2005-08-26,2005-08-26,Friday,56.43687334424923,-35548724.752670765,19.541388
2005-09-02,2005-09-02,Friday,54.54907511406848,-597842.3895335197,19.577614
2005-09-09,2005-09-09,Friday,45.67327104780793,-57982446.019862175,19.258808
2005-09-16,2005-09-16,Friday,36.095227974042906,-111400350.25493956,18.889282
2005-09-23,2005-09-23,Friday,24.804589541305468,-112415749.64616537,18.309637
2005-09-30,2005-09-30,Friday,41.674850358571284,-47065576.88411713,18.642937
2005-10-07,2005-10-07,Friday,27.29535624616986,-85546560.32886696,17.816938
2005-10-14,2005-10-14,Friday,35.19426798128306,-50490065.34204292,17.874901
2005-10-21,2005-10-21,Friday,42.00976441292722,-19796416.943657875,17.954599
2005-10-28,2005-10-28,Friday,56.734208750957,9873637.78605175,18.49802
2005-11-04,2005-11-04,Friday,70.14428693420979,69793582.09942341,19.31678
2005-11-11,2005-11-11,Friday,74.59475909701678,65715029.045779705,19.766003
2005-11-18,2005-11-18,Friday,81.70820108702128,98256166.66208458,20.398022
2005-11-25,2005-11-25,Friday,69.85116435325307,48709450.60994053,20.17275
2005-12-02,2005-12-02,Friday,72.28688965655037,17593668.861914158,20.354418
2005-12-09,2005-12-09,Friday,61.289974993582675,-1145727.2079000473,20.136419
2005-12-16,2005-12-16,Friday,40.06316095713084,-39202643.52020645,19.547804
2005-12-23,2005-12-23,Friday,35.70918951654468,-7897418.640044212,19.358866
2005-12-30,2005-12-30,Friday,26.501322073699583,-47492072.00608778,19.00279
2006-01-06,2006-01-06,Friday,50.308243142685114,10992669.866878986,19.555077
2006-01-13,2006-01-13,Friday,56.159133015563356,58670822.29079628,19.758549
2006-01-20,2006-01-20,Friday,39.2520678440978,6122065.517230988,19.191723
2006-01-27,2006-01-27,Friday,64.99817246353281,-4603693.903767586,20.194555
2006-02-03,2006-02-03,Friday,56.35259692782911,33366177.764261246,20.012877
2006-02-10,2006-02-10,Friday,43.00089847488274,-24936422.468271255,19.395201
2006-02-17,2006-02-17,Friday,46.6157379361431,24088656.008971214,19.46821
2006-02-24,2006-02-24,Friday,45.94910114440766,16688475.53841877,19.417179
2006-03-03,2006-03-03,Friday,51.17972281967702,-9334775.346878052,19.635914
2006-03-10,2006-03-10,Friday,54.96389659512565,-8117551.679962158,19.810907
2006-03-17,2006-03-17,Friday,60.47399165679745,3968141.9972195625,20.051537
2006-03-24,2006-03-24,Friday,47.88908872237153,-7717753.487024784,19.694246
2006-03-31,2006-03-31,Friday,52.14060255851871,-54082286.54545689,19.840082
2006-04-07,2006-04-07,Friday,50.106835573178024,-51865592.39689636,19.869249
2006-04-21,2006-04-21,Friday,49.44743896092711,-15334135.32507801,19.796326
2006-04-28,2006-04-28,Friday,19.13571093730524,-90217233.49541426,17.608892
2006-05-05,2006-05-05,Friday,27.00740885076079,-228674396.4535303,17.353687
2006-05-12,2006-05-12,Friday,24.80510822945102,-133713692.83186436,16.894323
2006-05-19,2006-05-19,Friday,23.57988469816266,-171009163.47385693,16.5137
2006-05-26,2006-05-26,Friday,44.92024665511898,-59860515.54395008,17.362804
2006-06-02,2006-06-02,Friday,36.205814081701874,-77256809.69049072,16.660093
2006-06-09,2006-06-09,Friday,29.567872342796953,-109803995.39228249,16.045219
2006-06-16,2006-06-16,Friday,38.047937538878315,-40113996.27470589,16.176973
2006-06-23,2006-06-23,Friday,45.66262450503216,8519080.394154549,16.469772
2006-06-30,2006-06-30,Friday,56.18807231935586,-24794332.845721245,17.055363
2006-07-07,2006-07-07,Friday,53.97878170261663,-53652290.95616245,17.055363
2006-07-14,2006-07-14,Friday,40.48678085247581,-100634645.86759853,16.316057
2006-07-21,2006-07-21,Friday,59.48902491402396,4300109.729844093,17.472599
2006-07-28,2006-07-28,Friday,60.35639754201375,27072557.930462837,17.750755
2006-08-04,2006-08-04,Friday,59.532030265675914,-6243865.002737999,17.780029
2006-08-11,2006-08-11,Friday,60.63204674360044,-17288755.883828163,17.882513
2006-08-18,2006-08-18,Friday,76.54812765066693,79459946.27614784,18.947536
2006-08-25,2006-08-25,Friday,70.39804724348267,47796186.44687843,18.991625
2006-09-01,2006-09-01,Friday,67.06909539950188,25129959.18716526,18.98427
2006-09-08,2006-09-08,Friday,59.85854095809526,-20271655.609272957,18.807945
2006-09-15,2006-09-15,Friday,75.81449943921945,53013650.51832771,19.726303
2006-09-22,2006-09-22,Friday,64.13242843315845,33118772.002249718,19.586714
2006-09-29,2006-09-29,Friday,70.39202794628117,43873420.226943016,20.093651
2006-10-06,2006-10-06,Friday,74.59493196539493,58068008.993499756,20.475677
2006-10-13,2006-10-13,Friday,74.62959542094293,41792738.050195694,20.843033
2006-10-20,2006-10-20,Friday,70.52052070502519,29680586.154363632,20.887108
2006-10-27,2006-10-27,Friday,66.21068956162166,19638667.946347237,20.820984
2006-11-03,2006-11-03,Friday,70.5122615607598,-2929795.3795633316,21.107508
2006-11-10,2006-11-10,Friday,77.70966276263661,10005331.4006567,21.482197
2006-11-17,2006-11-17,Friday,74.83466545292848,-6989062.512126923,21.673597
2006-11-24,2006-11-24,Friday,74.05907026227835,24085937.770290375,21.93898
2006-12-01,2006-12-01,Friday,51.41254622715318,1632349.7465467453,21.467173
2006-12-08,2006-12-08,Friday,56.466924191269676,8513050.99126339,21.673597
2006-12-15,2006-12-15,Friday,67.6930340970323,97868004.65798569,22.255981
2006-12-22,2006-12-22,Friday,52.97940068161439,38698085.41295624,21.850521
2006-12-29,2006-12-29,Friday,55.438879555044565,20239794.884960175,22.012707
2007-01-05,2007-01-05,Friday,49.964219936625845,20045808.65112877,21.850521
2007-01-12,2007-01-12,Friday,70.87111207210101,72930958.33075619,23.007923
2007-01-19,2007-01-19,Friday,67.44887737243533,45740069.59275055,22.9342
2007-01-26,2007-01-26,Friday,54.17229156990082,-41318185.74536133,22.558237
2007-02-02,2007-02-02,Friday,46.739050703892204,-44914183.00625229,22.255981
2007-02-09,2007-02-09,Friday,32.572779930950446,-80914030.92321587,21.363968
2007-02-16,2007-02-16,Friday,35.69900015034502,-69788768.64725876,21.260508
2007-02-23,2007-02-23,Friday,40.64904631025793,-11183072.716789246,21.378864
2007-03-02,2007-03-02,Friday,33.078345698879836,-15739593.003743172,20.535557
2007-03-09,2007-03-09,Friday,31.43033282551178,-23999516.236159325,20.187864
2007-03-16,2007-03-16,Friday,38.68119653770496,-4512089.479354858,20.217459
2007-03-23,2007-03-23,Friday,48.182105181874164,32274308.02998066,20.72788
2007-03-30,2007-03-30,Friday,47.28593538813789,27149167.523070335,20.616924
2007-04-13,2007-04-13,Friday,56.411148617405196,23747427.235406876,21.164341
2007-04-20,2007-04-20,Friday,60.818783631635796,61668202.78799629,21.467648
2007-04-27,2007-04-27,Friday,71.7829177604245,12773946.31065178,22.281368
2007-05-04,2007-05-04,Friday,68.21953723879723,55224001.598018646,22.606861
2007-05-11,2007-05-11,Friday,68.97495677500459,39949206.81997776,22.850977
2007-05-18,2007-05-18,Friday,65.76991187048039,27091066.722344875,22.880472
2007-05-25,2007-05-25,Friday,55.04080096129768,-22041431.066083908,22.620716
2007-06-01,2007-06-01,Friday,54.03069746186245,-12197052.424413681,22.702354
2007-06-08,2007-06-08,Friday,46.48365383923564,-9883461.984552383,22.301603
2007-06-15,2007-06-15,Friday,53.088129152171526,-17640350.08281231,22.628143
2007-06-22,2007-06-22,Friday,39.254020229253065,-56994078.56571865,21.88599
2007-06-29,2007-06-29,Friday,40.527627648910375,-40984970.631804466,21.871155
2007-07-06,2007-07-06,Friday,49.07059709118395,1960862.1950292587,22.242226
2007-07-13,2007-07-13,Friday,48.3005195828837,13277933.566140175,22.130901
2007-07-20,2007-07-20,Friday,61.90055343728057,94603391.50455856,23.125378
2007-07-27,2007-07-27,Friday,39.59414832917712,-3063042.266755104,21.811777
2007-08-03,2007-08-03,Friday,38.21373515523706,-23639920.351976395,21.492653
2007-08-10,2007-08-10,Friday,38.932313695352704,24333796.1629982,21.307116
2007-08-17,2007-08-17,Friday,38.98927276962574,-11036699.281298637,21.039213
2007-08-24,2007-08-24,Friday,48.24674257488221,30499986.557427406,21.456276
2007-08-31,2007-08-31,Friday,49.25916202294503,14192628.101350784,21.39669
2007-09-07,2007-09-07,Friday,46.268250395847765,-840495.1135835648,21.180723
2007-09-14,2007-09-14,Friday,53.20338169311524,4417575.742952347,21.627567
2007-09-21,2007-09-21,Friday,48.331409249104865,33927726.689967155,21.337116
2007-09-28,2007-09-28,Friday,57.775503337293024,-158734.12421894073,21.940361
2007-10-05,2007-10-05,Friday,60.8036163120641,10026830.89254713,22.223368
2007-10-12,2007-10-12,Friday,62.31519722548057,-11520870.587750912,22.469139
2007-10-19,2007-10-19,Friday,54.70782491900653,-17615755.51530552,22.469139
2007-10-26,2007-10-26,Friday,82.53503123253161,13817004.063107967,26.088621
2007-11-02,2007-11-02,Friday,83.65056890730523,87627231.55455303,27.600462
2007-11-09,2007-11-09,Friday,53.214516441498716,-44000743.48226261,25.120451
2007-11-16,2007-11-16,Friday,54.936601372695726,-33354663.742624283,25.4725
2007-11-23,2007-11-23,Friday,54.05748463375982,-50732571.49825096,25.487442
2007-11-30,2007-11-30,Friday,50.56116518078383,-37209013.04926491,25.106365
2007-12-07,2007-12-07,Friday,57.31707856949346,2868200.707547188,25.801271
2007-12-14,2007-12-14,Friday,61.1231909462103,6113925.554089546,26.384098
2007-12-21,2007-12-21,Friday,63.86135252107579,25384392.21540165,26.944506
2007-12-28,2007-12-28,Friday,61.14975114022974,40080711.38480091,26.989344
2008-01-04,2008-01-04,Friday,45.45474223449852,-6568769.37285614,25.689196
2008-01-11,2008-01-11,Friday,43.996823448397315,8874711.843891144,25.338015
2008-01-18,2008-01-18,Friday,38.88243398558973,-61081709.770879745,24.665508
2008-01-25,2008-01-25,Friday,42.99444426930062,-18918337.40873146,24.613207
2008-02-01,2008-02-01,Friday,30.871509450144163,-105234692.10076809,22.752642
2008-02-08,2008-02-08,Friday,27.16401405957462,-219713031.10824203,21.340408
2008-02-15,2008-02-15,Friday,30.901389739483864,-113675420.639225,21.235806
2008-02-22,2008-02-22,Friday,27.97335859831352,-83691128.04669952,20.763226
2008-02-29,2008-02-29,Friday,29.351190433905096,-83495032.20152187,20.403173
2008-03-07,2008-03-07,Friday,41.0011599367331,-40733423.484853745,20.905746
2008-03-14,2008-03-14,Friday,43.446991554659,-15836448.791920662,20.973261
2008-03-28,2008-03-28,Friday,43.14892614371068,-30900098.25590992,20.935757
2008-04-04,2008-04-04,Friday,53.11946797828273,3943290.02421093,21.873396
2008-04-11,2008-04-11,Friday,44.996421240547335,-9645597.595042229,21.213291
2008-04-18,2008-04-18,Friday,60.44463727222623,24001915.510627747,22.50349
2008-04-25,2008-04-25,Friday,52.64278633652514,56768025.07726002,22.375977
2008-05-02,2008-05-02,Friday,49.56081638952336,-14501021.024445534,21.933409
2008-05-09,2008-05-09,Friday,50.67880338436738,-24529816.74555874,22.045931
2008-05-16,2008-05-16,Friday,54.841487452996105,-2595343.0466136932,22.578812
2008-05-23,2008-05-23,Friday,40.09688443614818,-62634007.13989258,21.118227
2008-05-30,2008-05-30,Friday,43.458948994939426,-51127831.50568771,21.321505
2008-06-06,2008-06-06,Friday,40.516250871946376,-41952801.56945419,20.696617
2008-06-13,2008-06-13,Friday,55.07475547446923,-5344339.046045303,21.88616
2008-06-20,2008-06-20,Friday,47.917524561256705,-39499002.22504616,21.25375
2008-06-27,2008-06-27,Friday,44.12722961551005,-63047699.06326389,20.802019
2008-07-11,2008-07-11,Friday,31.308024718806323,-45232792.22620773,19.010176
2008-07-18,2008-07-18,Friday,42.439982272730866,23960615.87934208,19.469427
2008-07-25,2008-07-25,Friday,46.916815422338665,-1116091.3235387802,19.695288
2008-08-01,2008-08-01,Friday,43.119308602122764,-15382999.053573608,19.153219
2008-08-08,2008-08-08,Friday,61.483818396738464,67236325.62156487,21.178459
2008-08-15,2008-08-15,Friday,57.88490140406878,26193305.257308006,20.937542
2008-08-22,2008-08-22,Friday,58.51096152223217,9002149.290554047,21.043726
2008-08-29,2008-08-29,Friday,51.01606245842708,2888680.505842209,20.627991
2008-09-05,2008-09-05,Friday,36.55359913083766,-95632504.6863327,19.388346
2008-09-12,2008-09-12,Friday,56.68255037812985,-45755950.98941326,20.877432
2008-09-19,2008-09-19,Friday,39.799292927280106,-14662243.810650826,19.017963
2008-09-26,2008-09-26,Friday,57.78774445737873,-13391285.005009651,20.71113
2008-10-03,2008-10-03,Friday,49.92748404063506,-29280543.67651844,19.894783
2008-10-10,2008-10-10,Friday,29.369556002011908,-157732933.48812962,16.251444
2008-10-17,2008-10-17,Friday,46.28681210414495,-41821143.217969894,18.088234
2008-10-24,2008-10-24,Friday,41.301513264189005,2885154.788619995,16.599142
2008-10-31,2008-10-31,Friday,44.21078650212233,-38388071.75086403,16.878813
2008-11-07,2008-11-07,Friday,42.829608060536124,-57323635.9028759,16.251444
2008-11-14,2008-11-14,Friday,39.10888093430772,-8566750.830971718,15.162966
2008-11-21,2008-11-21,Friday,43.601590352036595,-34780306.893980026,14.97651
2008-11-28,2008-11-28,Friday,46.46889520961416,33080843.4008255,15.38745
2008-12-05,2008-12-05,Friday,47.199618307254234,53326709.648869514,15.121099
2008-12-12,2008-12-12,Friday,44.78714807286533,12988712.04266262,14.732988
2008-12-19,2008-12-19,Friday,44.38048301762112,-36503722.06250763,14.550354
2008-12-26,2008-12-26,Friday,44.54231501466442,-40359270.406207085,14.557953
2009-01-02,2009-01-02,Friday,54.382356456188894,-2695519.772123337,15.471161
2009-01-09,2009-01-09,Friday,47.46019907739638,-5869510.913433075,14.854746
2009-01-16,2009-01-16,Friday,49.76091294149344,15585320.097946167,14.999339
2009-01-23,2009-01-23,Friday,37.270140388680105,-63022881.49128628,13.089221
2009-01-30,2009-01-30,Friday,38.34810145714331,-63245970.05398846,13.013127
2009-02-06,2009-02-06,Friday,56.38086734121143,22470340.432501793,14.961291
2009-02-13,2009-02-13,Friday,51.668406809673414,2494356.7178382874,14.527516
2009-02-20,2009-02-20,Friday,44.628054097560806,-29226638.780571938,13.791949
2009-02-27,2009-02-27,Friday,31.965368062781657,-48018669.00227356,12.37444
2009-03-06,2009-03-06,Friday,29.23378061382914,-98174930.03989029,11.70783
2009-03-13,2009-03-13,Friday,46.299083896282745,31146073.046705246,12.75755
2009-03-20,2009-03-20,Friday,50.68299668896439,12033830.263461113,13.071695
2009-03-27,2009-03-27,Friday,56.34403454733602,11640657.641757011,13.891553
2009-04-03,2009-04-03,Friday,57.46084384331663,26148124.35486126,14.366608
2009-04-17,2009-04-17,Friday,55.93990330216078,35266645.25924301,14.711411
2009-04-24,2009-04-24,Friday,65.76199587204378,62250953.45516491,16.021646
2009-05-01,2009-05-01,Friday,59.057356942816796,-5364265.21319294,15.508279
2009-05-08,2009-05-08,Friday,50.731742373350365,-34622254.86923027,14.879984
2009-05-15,2009-05-15,Friday,58.18841818024928,-14562609.211543083,15.492955
2009-05-22,2009-05-22,Friday,51.70805783887994,-17464553.940250397,15.228931
2009-05-29,2009-05-29,Friday,62.49175720261238,7957119.724487305,16.107971
2009-06-05,2009-06-05,Friday,72.00192035267715,50794843.49773502,17.071829
2009-06-12,2009-06-12,Friday,78.84763029901423,53400107.40612602,17.989428
2009-06-19,2009-06-19,Friday,80.12915203563107,25180927.24725437,18.560024
2009-06-26,2009-06-26,Friday,62.59234204999567,-31437402.372653008,18.004845
2009-07-10,2009-07-10,Friday,45.967698894258525,-28700928.461486816,17.264603
2009-07-17,2009-07-17,Friday,63.8802640766073,73526593.24175262,18.729668
2009-07-24,2009-07-24,Friday,49.26568290519946,127665400.68343449,18.081953
2009-07-31,2009-07-31,Friday,49.75946463192463,58934481.09566116,18.135935
2009-08-07,2009-08-07,Friday,49.7106043253922,110160.4135093689,18.166769
2009-08-14,2009-08-14,Friday,51.77895545425544,-8573017.088964462,18.267015
2009-08-21,2009-08-21,Friday,61.209663676901506,25337327.673604965,18.928022
2009-08-28,2009-08-28,Friday,63.09630453099172,25414746.677841187,19.137392
2009-09-04,2009-09-04,Friday,59.2013037325318,173188.76467227936,19.090864
2009-09-11,2009-09-11,Friday,60.575907167856094,21277380.872836113,19.276972
2009-09-18,2009-09-18,Friday,64.93052240891008,35711158.02441025,19.587137
2009-09-25,2009-09-25,Friday,62.54042162294826,11527693.439048767,19.812006
2009-10-02,2009-10-02,Friday,48.76731254662211,-24390426.28200817,19.354509
2009-10-09,2009-10-09,Friday,57.01504994139091,1716306.8544054031,19.812006
2009-10-16,2009-10-16,Friday,65.86556391274485,37485679.912950516,20.548653
2009-10-23,2009-10-23,Friday,77.37808058459792,-27480364.153202057,21.727297
2009-10-30,2009-10-30,Friday,63.143370293466795,-78504642.38864136,21.502422
2009-11-06,2009-11-06,Friday,67.40377939384418,-31777971.747109413,22.115011
2009-11-13,2009-11-13,Friday,75.06831641275248,14308174.112236023,22.975719
2009-11-20,2009-11-20,Friday,68.41102927212515,46744197.75597572,23.069492
2009-11-27,2009-11-27,Friday,57.95320059142757,48960818.86786461,22.757959
2009-12-04,2009-12-04,Friday,64.18345216112579,27525963.090881348,23.349876
2009-12-11,2009-12-11,Friday,60.364224212481986,13279652.41832447,23.248634
2009-12-18,2009-12-18,Friday,62.54747279288084,-1355185.2516765594,23.645838
2010-01-08,2010-01-08,Friday,55.16351459839779,13668554.288550377,23.879499
2010-01-15,2010-01-15,Friday,56.70066423420552,800061.095498085,24.035263
2010-01-22,2010-01-22,Friday,35.62803511689656,-52444810.452614784,22.555454
2010-01-29,2010-01-29,Friday,32.75067240384904,-80249721.02870464,21.947954
2010-02-05,2010-02-05,Friday,35.141532428684954,-21805172.729459763,21.823339
2010-02-12,2010-02-12,Friday,36.954174492087745,-5841823.179300308,21.753239
2010-02-19,2010-02-19,Friday,49.68800973648103,43433785.77409649,22.512253
2010-02-26,2010-02-26,Friday,49.086999192717784,26760847.7339077,22.43401
2010-03-05,2010-03-05,Friday,48.31421942985382,23204838.863666534,22.371408
2010-03-12,2010-03-12,Friday,58.61330776387989,25707100.74206829,22.903505
2010-03-19,2010-03-19,Friday,62.87768106676334,19843048.510668755,23.153896
2010-03-26,2010-03-26,Friday,58.031061496085435,-10832998.15793705,23.208675
2010-04-09,2010-04-09,Friday,66.25678284304949,27594554.890454292,23.740765
2010-04-16,2010-04-16,Friday,66.8307379407482,18158438.24072075,23.998993
2010-04-23,2010-04-23,Friday,63.137139468339775,12580850.952122688,24.225912
2010-04-30,2010-04-30,Friday,51.99704839562245,-17777721.071852684,23.897264
2010-05-07,2010-05-07,Friday,27.7931639603518,-11392570.850294113,22.07406
2010-05-14,2010-05-14,Friday,40.05067647182589,-26610543.633921623,22.637451
2010-05-21,2010-05-21,Friday,26.046699809102297,-38243785.38801956,21.096809
2010-05-28,2010-05-28,Friday,29.913341066473542,-81808162.61821556,20.279354
2010-06-04,2010-06-04,Friday,35.01282219387558,-21409428.121041298,20.271498
2010-06-11,2010-06-11,Friday,39.514432876663236,-24855590.32003975,20.169313
2010-06-18,2010-06-18,Friday,47.699073360054435,9810401.247116089,20.782406
2010-06-25,2010-06-25,Friday,33.342271943853234,-98112884.19952202,19.281105
2010-07-02,2010-07-02,Friday,28.77254212403937,-102170366.05989361,18.290718
2010-07-09,2010-07-09,Friday,41.52326451264924,-11035951.34697628,19.076742
2010-07-16,2010-07-16,Friday,47.83933691334677,22660224.193818092,19.564075
2010-07-23,2010-07-23,Friday,56.33605256416209,39226152.45836067,20.287214
2010-07-30,2010-07-30,Friday,54.45557966825352,61101927.81941986,20.287214
2010-08-06,2010-08-06,Friday,49.78892856208816,55170907.306648254,20.082848
2010-08-13,2010-08-13,Friday,37.47179242249656,44647801.097901344,19.178926
2010-08-20,2010-08-20,Friday,39.18499902567104,8201667.151042938,19.146898
2010-08-27,2010-08-27,Friday,37.463093562644346,-35020637.93599224,18.909834
2010-09-03,2010-09-03,Friday,47.6382995682781,6579566.5035562515,19.194311
2010-09-10,2010-09-10,Friday,41.83565855808978,-40219211.34614372,18.846615
2010-09-17,2010-09-17,Friday,60.00033991043955,3258761.8491153717,19.929211
2010-09-24,2010-09-24,Friday,51.70938916360297,-3655478.33399868,19.581514
2010-10-01,2010-10-01,Friday,45.53892308151593,-26504518.54160595,19.265427
2010-10-08,2010-10-08,Friday,50.393997389273146,24200692.960463524,19.415564
2010-10-15,2010-10-15,Friday,64.09964910807895,63859532.66917515,20.182076
2010-10-22,2010-10-22,Friday,57.34653172860106,56920290.89377689,20.055639
2010-10-29,2010-10-29,Friday,70.23288734697819,55444182.65117645,21.075018
2010-11-05,2010-11-05,Friday,64.33069356046826,-15228790.93706894,21.217258
2010-11-12,2010-11-12,Friday,52.549537082904195,-9814049.572634697,20.758938
2010-11-19,2010-11-19,Friday,46.522818801711544,-46839321.65180969,20.425344
2010-11-26,2010-11-26,Friday,41.67577789294386,-26086371.549923897,20.075516
2010-12-03,2010-12-03,Friday,65.44839963291902,56683574.90204334,21.482788
2010-12-10,2010-12-10,Friday,66.19016680330088,24683035.1081419,21.737206
2010-12-17,2010-12-17,Friday,69.48119561901106,48573441.762158394,22.182449
2010-12-31,2010-12-31,Friday,62.31696189920951,18741566.677807808,22.190401
2011-01-07,2011-01-07,Friday,67.6468327599308,78278932.70407104,22.738998
2011-01-14,2011-01-14,Friday,57.670410652972784,66306424.19695759,22.500469
2011-01-21,2011-01-21,Friday,50.720868053722434,36795680.47800541,22.277851
2011-01-28,2011-01-28,Friday,45.13591323169781,-7474478.898234367,22.06319
2011-02-04,2011-02-04,Friday,46.069400883011,-9383888.852790833,22.079086
2011-02-11,2011-02-11,Friday,39.83561121275792,-22847932.771642685,21.665649
2011-02-18,2011-02-18,Friday,41.03796577968104,2566688.586702347,21.641756
2011-02-25,2011-02-25,Friday,36.20359032235129,-38567214.94167709,21.23387
2011-03-04,2011-03-04,Friday,30.922116666161198,-101837020.1998167,20.754011
2011-03-11,2011-03-11,Friday,34.063766891312284,-59131403.47043133,20.538071
2011-03-18,2011-03-18,Friday,25.663294660478552,-68060274.45321274,19.834274
2011-03-25,2011-03-25,Friday,44.53549422609609,-43973081.72100353,20.490082
2011-04-01,2011-04-01,Friday,43.88878576986575,-31482720.926445007,20.378122
2011-04-08,2011-04-08,Friday,54.60272980387402,-15911604.901122093,20.849981
2011-04-15,2011-04-15,Friday,41.119141904234894,-2332814.750213623,20.290142
2011-04-29,2011-04-29,Friday,51.31456988520561,43727805.78490162,20.730015
2011-05-06,2011-05-06,Friday,50.58048291142462,12794144.533424377,20.690027
2011-05-13,2011-05-13,Friday,38.49472305172707,12988563.795380592,20.018221
2011-05-20,2011-05-20,Friday,36.56031439556065,-6812571.939582825,19.714729
2011-05-27,2011-05-27,Friday,45.866613194797495,-15206620.133452415,19.932083
2011-06-03,2011-06-03,Friday,35.35062185063717,-46809042.97710228,19.247824
2011-06-10,2011-06-10,Friday,33.95846208764699,-33938085.64233589,19.086821
2011-06-17,2011-06-17,Friday,47.78480570299234,-4526280.753927231,19.529579
2011-06-24,2011-06-24,Friday,47.48734199216585,27007424.816981316,19.561779
2011-07-01,2011-07-01,Friday,66.60872993308999,84689201.44871807,20.946394
2011-07-08,2011-07-08,Friday,74.16459772521334,90966998.1607647,21.670906
2011-07-15,2011-07-15,Friday,67.47933440066718,26391640.523817062,21.558205
2011-07-22,2011-07-22,Friday,68.08271685825733,59229132.29077816,22.161964
2011-07-29,2011-07-29,Friday,59.13598334786294,50080809.582779884,22.057314
2011-08-05,2011-08-05,Friday,40.17851796347888,-24433365.299793243,20.672691
2011-08-12,2011-08-12,Friday,42.95294774152753,-20982580.679430008,20.205788
2011-08-19,2011-08-19,Friday,37.46523739842869,2874108.640050888,19.482719
2011-08-26,2011-08-26,Friday,49.431554727710896,27448588.36248398,20.45483
2011-09-02,2011-09-02,Friday,51.994561617358194,25903648.64960289,20.900387
2011-09-09,2011-09-09,Friday,50.830319032076545,26327255.685886383,20.851778
2011-09-16,2011-09-16,Friday,62.024574101465944,71587188.11065197,21.969709
2011-09-23,2011-09-23,Friday,41.5917741368475,12571286.844772339,20.300911
2011-09-30,2011-09-30,Friday,40.755988689893904,-27534043.75440979,20.163198
2011-10-07,2011-10-07,Friday,54.866362760421715,11943323.069212914,21.264919
2011-10-14,2011-10-14,Friday,62.77445534983348,28001938.077958107,22.091215
2011-10-21,2011-10-21,Friday,59.25743849788637,43874430.77254677,22.002106
2011-10-28,2011-10-28,Friday,54.63007274926556,30899817.1933136,21.856291
2011-11-04,2011-11-04,Friday,46.79866424920021,19619403.458021164,21.264919
2011-11-11,2011-11-11,Friday,53.559428814393584,27827343.33544159,21.799593
2011-11-18,2011-11-18,Friday,40.20247969659243,-29762969.754123688,20.649666
2011-11-25,2011-11-25,Friday,32.68453715440788,-62432171.11231995,19.833479
2011-12-02,2011-12-02,Friday,45.35986256531641,-26309508.018574715,20.584377
2011-12-09,2011-12-09,Friday,51.03022463914857,-33856714.94302368,20.976147
2011-12-16,2011-12-16,Friday,55.00126926462446,-41764996.28878307,21.221003
2011-12-23,2011-12-23,Friday,54.483002152615335,-2320092.053926468,21.245493
2011-12-30,2011-12-30,Friday,53.05050256025715,-890559.0485839844,21.188354
2012-01-06,2012-01-06,Friday,73.28523505722373,75364530.25840855,22.943169
2012-01-13,2012-01-13,Friday,70.27755533763144,58010170.32032204,23.057436
2012-01-20,2012-01-20,Friday,78.49167030568294,62022819.832915306,24.249079
2012-01-27,2012-01-27,Friday,67.29210435597633,50114830.02355766,23.857304
2012-02-03,2012-02-03,Friday,74.20393675962134,34194261.71240139,24.681664
2012-02-10,2012-02-10,Friday,71.39731577417106,58407183.3028965,24.893875
2012-02-17,2012-02-17,Friday,74.49943668252862,51305938.188129425,25.673931
2012-02-24,2012-02-24,Friday,73.94729398230331,40482565.01087189,25.862883
2012-03-02,2012-03-02,Friday,72.09701282413143,39289109.90721893,26.355831
2012-03-09,2012-03-09,Friday,66.39569225808147,-3668207.6935691833,26.281887
2012-03-16,2012-03-16,Friday,68.53288704976511,21018809.612856865,26.783037
2012-03-23,2012-03-23,Friday,56.86585168361028,686153.359582901,26.298317
2012-03-30,2012-03-30,Friday,57.39598927714164,13925100.794949532,26.503708
2012-04-13,2012-04-13,Friday,41.16817636801206,-6331417.579280853,25.312441
2012-04-20,2012-04-20,Friday,59.96252887766163,-23485858.264009476,26.635162
2012-04-27,2012-04-27,Friday,53.98377671992532,-28292198.66957283,26.273666
2012-05-04,2012-05-04,Friday,40.91467174893603,-36477143.82418823,25.452108
2012-05-11,2012-05-11,Friday,46.75737248798056,-8598406.70676136,25.599987
2012-05-18,2012-05-18,Friday,30.07602471577996,-74537363.33531284,24.205023
2012-05-25,2012-05-25,Friday,31.986741705678135,-19889314.33729458,24.031353
2012-06-01,2012-06-01,Friday,30.361570127136083,-18671057.049471855,23.526918
2012-06-08,2012-06-08,Friday,48.99412545842315,-2787466.7931661606,24.519258
2012-06-15,2012-06-15,Friday,54.43603024413057,21495472.604390144,24.825235
2012-06-22,2012-06-22,Friday,57.73358015312859,22878071.33088684,25.387568
2012-06-29,2012-06-29,Friday,55.93133993921858,17319382.139904976,25.296597
2012-07-06,2012-07-06,Friday,50.85778420868915,35906930.14838982,24.965816
2012-07-13,2012-07-13,Friday,45.22291007966602,-7484006.719930649,24.304251
2012-07-20,2012-07-20,Friday,51.65475841660415,15879092.840720177,24.907934
2012-07-27,2012-07-27,Friday,50.23989374213455,-17080024.665995598,24.610222
2012-08-03,2012-08-03,Friday,50.97981115268043,-11622344.30130291,24.601955
2012-08-10,2012-08-10,Friday,57.29118740933157,5162076.014751434,25.156019
2012-08-17,2012-08-17,Friday,64.65706142614168,22638982.53918743,25.722237
2012-08-24,2012-08-24,Friday,56.9235204643202,16594661.057447433,25.439211
2012-08-31,2012-08-31,Friday,58.79342469829382,5911727.688205719,25.655645
2012-09-07,2012-09-07,Friday,57.091121333402604,29851368.229397774,25.763861
2012-09-14,2012-09-14,Friday,59.97677725188453,30143860.907318115,25.980291
2012-09-21,2012-09-21,Friday,57.18627420946729,13529846.870650291,25.963646
2012-09-28,2012-09-28,Friday,36.82719549854314,-54614762.6190567,24.773254
2012-10-05,2012-10-05,Friday,41.64544091493465,-32903044.454369545,24.848183
2012-10-12,2012-10-12,Friday,36.59082571904419,-40395354.79458809,24.307098
2012-10-19,2012-10-19,Friday,32.27988555606459,-15901305.259052277,23.840929
2012-10-26,2012-10-26,Friday,33.72804049458728,-52383002.977454185,23.482988
2012-11-02,2012-11-02,Friday,53.66250862687259,-30973381.753250122,24.556826
2012-11-09,2012-11-09,Friday,44.6306614986991,-62348064.82326794,23.999098
2012-11-16,2012-11-16,Friday,27.427681885139275,-88051638.41341877,22.257576
2012-11-23,2012-11-23,Friday,46.038101505674184,-7712882.954871178,23.247919
2012-11-30,2012-11-30,Friday,36.73375809646273,-19055687.540475845,22.341507
2012-12-07,2012-12-07,Friday,37.513687770933515,-56048822.52944088,22.207222
2012-12-14,2012-12-14,Friday,43.51521263991589,-31489306.133127213,22.500971
2012-12-21,2012-12-21,Friday,51.740601464006716,36199486.28321457,23.038101
2012-12-28,2012-12-28,Friday,41.20955092843614,26534536.560341835,22.282753
2013-01-04,2013-01-04,Friday,45.12760756553639,5227151.504135132,22.442219
2013-01-11,2013-01-11,Friday,47.696691371574815,-15573257.567381859,22.517754
2013-01-18,2013-01-18,Friday,53.1198177488706,3896070.183016777,22.870243
2013-01-25,2013-01-25,Friday,61.17868024523122,2836629.4025964737,23.398993
2013-02-01,2013-02-01,Friday,58.661712924775976,-14324980.293300629,23.440964
2013-02-08,2013-02-08,Friday,52.58418350513341,-22086418.353990555,23.122032
2013-02-15,2013-02-15,Friday,58.90376078700834,15934238.310714722,23.508095
2013-02-22,2013-02-22,Friday,55.52139702545145,16510220.185851097,23.491171
2013-03-01,2013-03-01,Friday,57.94633826457493,-11107139.584792137,23.651953
2013-03-08,2013-03-08,Friday,55.65771830220437,10235739.600305557,23.694267
2013-03-15,2013-03-15,Friday,55.62121971962299,28079298.372973442,23.728119
2013-03-22,2013-03-22,Friday,58.19752840778216,17063564.56842327,23.905821
2013-04-05,2013-04-05,Friday,63.17261333505856,47597292.889066696,24.286623
2013-04-12,2013-04-12,Friday,53.23865310899877,60760903.79317093,24.362782
2013-04-19,2013-04-19,Friday,63.346204491235,12734952.533945084,25.192085
2013-04-26,2013-04-26,Friday,72.8916502666458,20376104.944231033,26.901459
2013-05-03,2013-05-03,Friday,76.96435080440173,74241777.41405678,28.340044
2013-05-10,2013-05-10,Friday,63.88753080982343,33775681.12161827,27.663059
2013-05-17,2013-05-17,Friday,77.48636185188558,101207576.65098476,29.714746
2013-05-24,2013-05-24,Friday,65.98425836241549,66935600.83334541,29.203442
2013-05-31,2013-05-31,Friday,67.8236665146602,42788495.93641281,29.740303
2013-06-07,2013-06-07,Friday,67.79832070579491,40967352.51812363,30.396456
2013-06-14,2013-06-14,Friday,52.03312071300898,2626750.467891693,29.314228
2013-06-21,2013-06-21,Friday,40.85852070482386,-41450638.77796364,28.351282
2013-06-28,2013-06-28,Friday,53.50084293907088,-19204782.50155258,29.433527
2013-07-05,2013-07-05,Friday,50.26170903309093,-16391956.37241745,29.152319
2013-07-12,2013-07-12,Friday,64.72102029816837,31335045.403967857,30.396456
2013-07-19,2013-07-19,Friday,29.525862703752658,-22326782.88769436,26.757753
2013-07-26,2013-07-26,Friday,34.578356845243455,-21472723.61157894,26.945227
2013-08-02,2013-08-02,Friday,38.58885253090952,-8124327.234098434,27.175306
2013-08-09,2013-08-09,Friday,48.7441924820295,28499044.843632698,27.865561
2013-08-16,2013-08-16,Friday,42.78706554220902,7123876.745004654,27.289566
2013-08-23,2013-08-23,Friday,67.7483656208606,5755828.805865288,29.821144
2013-08-30,2013-08-30,Friday,54.99883130304015,-14001008.219382286,28.662628
2013-09-06,2013-09-06,Friday,40.32444729907675,-16419345.317113876,26.731762
2013-09-13,2013-09-13,Friday,54.85194877402676,26336279.00191784,28.34511
2013-09-20,2013-09-20,Friday,51.20264601640325,-18117796.304471016,28.139147
2013-09-27,2013-09-27,Friday,55.85198879324649,-27562294.651859283,28.55106
2013-10-04,2013-10-04,Friday,60.86784773839311,37833139.881406784,29.074543
2013-10-11,2013-10-11,Friday,61.1221575583356,22766443.61345768,29.289091
2013-10-18,2013-10-18,Friday,68.0090927750178,20084627.192285538,30.001369
2013-10-25,2013-10-25,Friday,66.65037603894801,-44198646.67444992,30.662148
2013-11-01,2013-11-01,Friday,63.483708900579494,-39512431.15277767,30.490515
2013-11-08,2013-11-08,Friday,71.6224933919146,34303088.18331337,32.421387
2013-11-15,2013-11-15,Friday,66.97918891924756,42791246.68286705,32.47287
2013-11-22,2013-11-22,Friday,63.870398640005575,-2837995.0771017075,32.485687
2013-11-29,2013-11-29,Friday,66.6231783669026,-22345363.861673355,32.969898
2013-12-06,2013-12-06,Friday,61.64824611667068,16362634.909499168,33.168777
2013-12-13,2013-12-13,Friday,44.448444566876994,-29987909.160931587,31.724773
2013-12-20,2013-12-20,Friday,47.19979181554815,10860577.92175579,31.819893
2013-12-27,2013-12-27,Friday,52.09167409438573,15214761.131662369,32.243584
2014-01-03,2014-01-03,Friday,47.447873027261316,3973181.2685832977,31.914997
2014-01-10,2014-01-10,Friday,42.40202587954809,-18515243.569158554,31.162737
2014-01-17,2014-01-17,Friday,48.243938129026176,19521925.717363358,31.456718
2014-01-24,2014-01-24,Friday,52.72771213952731,2009494.7136917114,31.828533
2014-01-31,2014-01-31,Friday,60.43146058844717,46058076.080872536,32.719135
2014-02-07,2014-02-07,Friday,50.50366609228588,-3032851.913454056,31.612368
2014-02-14,2014-02-14,Friday,58.34214943145949,24054452.5569849,32.528912
2014-02-21,2014-02-21,Friday,63.652123159559515,2700113.055035591,33.086445
2014-02-28,2014-02-28,Friday,64.62553087852024,12458994.448983192,33.37394
2014-03-07,2014-03-07,Friday,55.92098169445882,18546102.118537903,33.016769
2014-03-14,2014-03-14,Friday,51.72982696433224,4258781.9314517975,32.842533
2014-03-21,2014-03-21,Friday,68.7727174744349,10746720.473115921,34.985565
2014-03-28,2014-03-28,Friday,63.598140310530724,-17631537.94403839,35.107536
2014-04-04,2014-04-04,Friday,53.708554718122535,-17716370.349015236,34.732933
2014-04-11,2014-04-11,Friday,47.49566997502791,-22009420.227445602,34.157974
2014-04-25,2014-04-25,Friday,52.50527352487837,7342757.719528198,34.767784
2014-05-02,2014-05-02,Friday,48.22395671240263,-19906084.70304966,34.57613
2014-05-09,2014-05-09,Friday,47.840810857561024,-4393066.359587669,34.445446
2014-05-16,2014-05-16,Friday,52.41401717753394,8545008.112252235,34.942871
2014-05-23,2014-05-23,Friday,54.712865459824336,17816112.013887405,35.197273
2014-05-30,2014-05-30,Friday,62.64868751311459,33372236.03091526,35.916676
2014-06-06,2014-06-06,Friday,64.75069656586727,32094062.29111767,36.390423
2014-06-13,2014-06-13,Friday,59.09286356627861,16792916.42788887,36.171101
2014-06-20,2014-06-20,Friday,62.14873668216716,28786922.635575294,36.56588
2014-06-27,2014-06-27,Friday,64.09413207177744,50641988.3069973,37.065941
2014-07-11,2014-07-11,Friday,59.35886847682937,22537383.548353195,36.92556
2014-07-18,2014-07-18,Friday,79.18261152709314,24593350.85619831,39.206558
2014-07-25,2014-07-25,Friday,71.47508560244661,-5154938.297952652,39.039867
2014-08-01,2014-08-01,Friday,46.853322884584536,-27145222.35798073,37.601093
2014-08-08,2014-08-08,Friday,51.18676620804704,2943363.1790475845,37.89938
2014-08-15,2014-08-15,Friday,67.28395864122321,25889286.76164341,39.294285
2014-08-22,2014-08-22,Friday,67.81755618658342,30501647.464276314,39.857513
2014-08-29,2014-08-29,Friday,68.24262984696992,14447485.713754654,40.104687
2014-09-05,2014-09-05,Friday,69.0350200876019,37737101.23324299,40.528423
2014-09-12,2014-09-12,Friday,70.55873715977384,43123948.00163174,41.225822
2014-09-19,2014-09-19,Friday,71.11589700911513,81575379.0109458,41.949707
2014-09-26,2014-09-26,Friday,54.20674487604824,46582700.010177135,40.969814
2014-10-03,2014-10-03,Friday,50.98915959822632,15630087.424989223,40.687325
2014-10-10,2014-10-10,Friday,36.960835663025435,-15097483.888761997,38.86879
2014-10-17,2014-10-17,Friday,39.260331051073024,-3336867.590157032,38.515682
2014-10-24,2014-10-24,Friday,57.02936443077123,18786998.698471546,40.722633
2014-10-31,2014-10-31,Friday,60.08404116333354,37325812.178183556,41.446514
2014-11-07,2014-11-07,Friday,68.54489985302767,50841647.703775406,42.973721
2014-11-14,2014-11-14,Friday,72.09061543887802,37979002.96464443,43.768223
2014-11-21,2014-11-21,Friday,55.20772559625312,7441499.032027721,42.622925
2014-11-28,2014-11-28,Friday,53.55716061564609,-13233449.8759408,42.47192
2014-12-05,2014-12-05,Friday,55.94834498088791,-6738432.910961151,43.013794
2014-12-12,2014-12-12,Friday,43.735407350256104,-20716495.9152956,41.707924
2014-12-19,2014-12-19,Friday,52.5154357731191,-9758905.369487286,42.33865
2014-12-26,2014-12-26,Friday,52.898690964449,-4645867.109688759,42.534096
2015-01-02,2015-01-02,Friday,45.223044082336386,-23279816.718980312,41.539135
2015-01-09,2015-01-09,Friday,50.38423050998969,-21414680.174848557,41.921124
2015-01-16,2015-01-16,Friday,45.833789605567,-21925683.418509483,41.077198
2015-01-23,2015-01-23,Friday,52.947760652255724,23160786.706132412,41.912235
2015-01-30,2015-01-30,Friday,27.826258607411802,-10118182.544805527,35.889252
2015-02-06,2015-02-06,Friday,39.657332628737635,13149018.227226257,37.674816
2015-02-13,2015-02-13,Friday,49.72508819998422,29290572.33343506,38.971809
2015-02-20,2015-02-20,Friday,51.91975093973944,41211574.02518177,39.240215
2015-02-27,2015-02-27,Friday,51.11727542358936,31211057.48619747,39.231266
2015-03-06,2015-03-06,Friday,37.95344205423841,3194034.4460692406,37.898209
2015-03-13,2015-03-13,Friday,35.35576161515894,-19295810.148872852,37.021439
2015-03-20,2015-03-20,Friday,51.10219313797793,25496870.077231407,38.363438
2015-03-27,2015-03-27,Friday,36.09633767228241,-17341446.78864813,36.654621
2015-04-10,2015-04-10,Friday,48.48702762339784,745338.6594791412,37.325626
2015-04-17,2015-04-17,Friday,47.114458824749434,17489003.67096567,37.236156
2015-04-24,2015-04-24,Friday,80.03433841231569,59867082.977871895,42.827839
2015-05-01,2015-05-01,Friday,77.89858126188659,62413226.29291105,43.534634
2015-05-08,2015-05-08,Friday,64.42663454119217,-7447133.70696497,42.720482
2015-05-15,2015-05-15,Friday,64.21880718598459,-12883242.165955544,43.212543
2015-05-22,2015-05-22,Friday,54.67587761816557,-3083123.2142801285,42.2327
2015-05-29,2015-05-29,Friday,52.59267297620618,-5446152.649780273,42.196693
2015-06-05,2015-06-05,Friday,46.066381086131805,-25925834.633445263,41.548328
2015-06-12,2015-06-12,Friday,45.85149030036108,-21865065.40783453,41.395256
2015-06-19,2015-06-19,Friday,48.16876958097013,-802500.8825044632,41.512318
2015-06-26,2015-06-26,Friday,41.1390439689982,-36469101.67044926,40.755909
2015-07-10,2015-07-10,Friday,41.008947371759625,-34890813.020401955,40.170593
2015-07-17,2015-07-17,Friday,62.948736145320595,6080312.766953945,41.980579
2015-07-24,2015-07-24,Friday,51.540396169685145,16496242.65302515,41.36824
2015-07-31,2015-07-31,Friday,57.1763060615501,5084079.375759602,42.052616
2015-08-07,2015-08-07,Friday,54.481236541798694,-408118.97410440445,42.088631
2015-08-14,2015-08-14,Friday,55.27056598622049,16171920.243382454,42.322754
2015-08-21,2015-08-21,Friday,31.212983532168682,-21180727.54689026,39.039612
2015-08-28,2015-08-28,Friday,44.82133046505018,7467770.310470581,39.81913
2015-09-04,2015-09-04,Friday,41.865879410052706,7684421.52816534,38.622654
2015-09-11,2015-09-11,Friday,46.80558532939751,7668584.47705698,39.411232
2015-09-18,2015-09-18,Friday,46.92973055616422,-4933310.068584919,39.411232
2015-09-25,2015-09-25,Friday,49.56393504985343,100944.18658256531,39.82819
2015-10-02,2015-10-02,Friday,60.34739675119257,31975610.77673483,41.305664
2015-10-09,2015-10-09,Friday,65.9616639725484,40590069.05360031,42.701553
2015-10-16,2015-10-16,Friday,66.66702804062746,35686779.83199024,43.064114
2015-10-23,2015-10-23,Friday,81.97819964829556,11638638.480679035,47.922543
2015-10-30,2015-10-30,Friday,70.30558078215022,1573635.1946382523,47.714066
2015-11-06,2015-11-06,Friday,76.49815789938705,17326063.384465694,49.780708
2015-11-13,2015-11-13,Friday,59.45775959310997,-18275886.033029556,47.895351
2015-11-20,2015-11-20,Friday,66.03691703955934,553941.0481476784,49.4501
2015-11-27,2015-11-27,Friday,62.332910129121075,4369385.048061371,49.212845
2015-12-04,2015-12-04,Friday,67.61514342844333,-4259890.272696495,51.01965
2015-12-11,2015-12-11,Friday,51.69635012190494,-7173912.854949951,49.331478
2015-12-18,2015-12-18,Friday,49.28387389505082,-29607594.664479256,49.395348
2016-01-08,2016-01-08,Friday,36.93460426711525,-16514259.438165665,47.752792
2016-01-15,2016-01-15,Friday,36.47401377331866,-18422721.256172657,46.530006
2016-01-22,2016-01-22,Friday,46.074967459018495,-4614031.387089729,47.71629
2016-01-29,2016-01-29,Friday,59.09992239672993,32902736.661210537,50.271385
2016-02-05,2016-02-05,Friday,39.58196362605857,-4027770.005965233,45.772602
2016-02-12,2016-02-12,Friday,43.62527216477183,10662710.90897274,46.082863
2016-02-19,2016-02-19,Friday,51.36822868680701,21165887.56253004,47.626919
2016-02-26,2016-02-26,Friday,48.52468420447385,12559077.725792885,47.148991
2016-03-04,2016-03-04,Friday,51.31967563932015,19887461.307641983,47.819916
2016-03-11,2016-03-11,Friday,55.631092290017406,31555779.355489254,48.775776
2016-03-18,2016-03-18,Friday,55.13890091589586,18693074.175670624,49.161785
2016-04-01,2016-04-01,Friday,63.74704501043203,13369664.178489208,51.073486
2016-04-08,2016-04-08,Friday,53.70189465200668,4079864.2461767197,50.016533
2016-04-15,2016-04-15,Friday,61.489816423709144,8970688.010489464,51.147007
2016-04-22,2016-04-22,Friday,35.19532428579972,10405533.340380669,47.590149
2016-04-29,2016-04-29,Friday,29.338464607759228,3013959.5164370537,45.834702
2016-05-06,2016-05-06,Friday,36.9212708588548,11651695.698723793,46.31263
2016-05-13,2016-05-13,Friday,43.87925329956384,-1237780.179265976,46.9468
2016-05-20,2016-05-20,Friday,45.05206397574017,-5604280.209300995,46.849419
2016-05-27,2016-05-27,Friday,56.14621116521329,12158478.655970097,48.422794
2016-06-03,2016-06-03,Friday,50.69920732110196,31905737.211452484,47.932266
2016-06-10,2016-06-10,Friday,47.71139036629972,-4489982.977125168,47.645359
2016-06-17,2016-06-17,Friday,41.00274292693911,1155211.5883898735,46.39592
2016-06-24,2016-06-24,Friday,42.07191862282784,-27117905.399212837,46.118271
2016-07-01,2016-07-01,Friday,51.92620409959928,-1995681.1531004906,47.349194
2016-07-08,2016-07-08,Friday,58.58287995617989,22315616.76705122,48.404278
2016-07-15,2016-07-15,Friday,65.4983398931007,15001072.480803013,49.700005
2016-07-22,2016-07-22,Friday,72.81682312853523,-25338320.895400047,52.356224
2016-07-29,2016-07-29,Friday,70.24380269322634,152856.28299093246,52.458019
2016-08-05,2016-08-05,Friday,75.48202848705938,23394860.80790758,53.642681
2016-08-12,2016-08-12,Friday,70.26593560286183,17843381.24239111,53.624176
2016-08-19,2016-08-19,Friday,68.07114428399865,14751778.817110538,53.660374
2016-08-26,2016-08-26,Friday,69.61845751302488,11306143.917406559,54.042213
2016-09-02,2016-09-02,Friday,60.36910602658296,-2243789.0116653442,53.706947
2016-09-09,2016-09-09,Friday,38.00578289655341,-11032838.082957268,52.347282
2016-09-16,2016-09-16,Friday,52.54021947270536,12986620.886004448,53.315804
2016-09-23,2016-09-23,Friday,53.23860348016992,2562866.304283142,53.48344
2016-09-30,2016-09-30,Friday,53.1964882078444,6965379.525650978,53.641758
2016-10-07,2016-10-07,Friday,55.049261574450234,12140214.347333431,53.828014
2016-10-14,2016-10-14,Friday,50.76143958719357,7694003.809018612,53.474133
2016-10-21,2016-10-21,Friday,67.41396606807781,-8264399.277090073,55.560192
2016-10-28,2016-10-28,Friday,61.686327737490934,-19707705.97093916,55.75576
2016-11-04,2016-11-04,Friday,49.81938655206171,-32838763.537889004,54.67548
2016-11-11,2016-11-11,Friday,49.954613412981345,3863502.698448181,54.964176
2016-11-18,2016-11-18,Friday,59.21128069185385,13184340.666616917,56.582466
2016-11-25,2016-11-25,Friday,58.10478116566832,8725606.403300285,56.751225
2016-12-02,2016-12-02,Friday,47.67562541996367,-12645829.515529156,55.551125
2016-12-09,2016-12-09,Friday,62.25956645887888,8381876.065597057,58.101334
2016-12-16,2016-12-16,Friday,61.00921739010048,-5456374.148667812,58.410725
2016-12-23,2016-12-23,Friday,63.45523967636994,3442092.588470459,59.292042
2016-12-30,2016-12-30,Friday,51.94964543939457,-12545945.404560566,58.260712
2017-01-06,2017-01-06,Friday,57.42259577289606,-10674026.748709679,58.917015
2017-01-13,2017-01-13,Friday,54.36522551359183,978250.5339875221,58.785755
2017-01-20,2017-01-20,Friday,54.62179047327385,9239414.744888306,58.823261
2017-01-27,2017-01-27,Friday,75.94646641881221,29597212.15988493,61.673481
2017-02-03,2017-02-03,Friday,53.523357547752404,14206248.812232018,59.704575
2017-02-10,2017-02-10,Friday,55.82368654234684,7427968.900018215,60.004604
2017-02-17,2017-02-17,Friday,62.92826710420445,13498279.376729012,60.953197
2017-02-24,2017-02-24,Friday,61.768408984116796,16373327.43096304,60.953197
2017-03-03,2017-03-03,Friday,53.52505695762062,15919255.420335293,60.604187
2017-03-10,2017-03-10,Friday,59.014774743735565,10340633.460858822,61.245594
2017-03-17,2017-03-17,Friday,57.03106725026137,5271634.486841679,61.189007
2017-03-24,2017-03-24,Friday,56.07305263228986,-9320680.108048439,61.292778
2017-03-31,2017-03-31,Friday,64.76979550266512,9946898.761975288,62.122833
2017-04-07,2017-04-07,Friday,59.78076557693988,167759.2423233986,61.953045
2017-04-21,2017-04-21,Friday,64.187478660774,-1369037.2682447433,62.632191
2017-04-28,2017-04-28,Friday,76.19915067908092,19682581.93482113,64.575302
2017-05-05,2017-05-05,Friday,72.20576519610088,18515971.99471569,65.084656
2017-05-12,2017-05-12,Friday,59.47632025207075,19485671.628347397,64.499832
2017-05-19,2017-05-19,Friday,52.03268773045024,18300399.47290659,64.214973
2017-05-26,2017-05-26,Friday,67.21049702301697,23335201.747391224,66.368416
2017-06-02,2017-06-02,Friday,72.80673996311151,18476399.253775597,68.076035
2017-06-09,2017-06-09,Friday,54.7568834635224,14514861.951648235,66.709961
2017-06-16,2017-06-16,Friday,51.62876830676267,44969880.591946125,66.406387
2017-06-23,2017-06-23,Friday,58.39878814746926,34838104.66882992,67.554276
2017-06-30,2017-06-30,Friday,44.81255890115423,4626475.140304565,65.391304
2017-07-07,2017-07-07,Friday,49.447697676881184,3165773.854649067,65.894096
2017-07-14,2017-07-14,Friday,65.26909938447825,11004748.528037548,69.043663
2017-07-21,2017-07-21,Friday,66.76804454615622,39253225.25655222,70.001816
2017-07-28,2017-07-28,Friday,57.987325703942716,26480936.8425107,69.290314
2017-08-04,2017-08-04,Friday,54.86369617525564,6200330.219119549,68.948792
2017-08-11,2017-08-11,Friday,52.486983715700916,7284821.712467194,68.77803
2017-08-18,2017-08-18,Friday,52.491143282817795,-1718687.6995077133,69.134949
2017-08-25,2017-08-25,Friday,53.969260295291555,4643433.08798027,69.449646
2017-09-01,2017-09-01,Friday,58.729700626535674,15525003.842591763,70.51783
2017-09-08,2017-09-08,Friday,57.12551230661145,5907230.419626236,70.555977
2017-09-15,2017-09-15,Friday,63.01090923979422,15065745.58568716,71.824417
2017-09-22,2017-09-22,Friday,53.45834381831496,3333246.892820835,70.966072
2017-09-29,2017-09-29,Friday,54.655146087333215,6069673.974978447,71.042374
2017-10-06,2017-10-06,Friday,64.16178354937645,16732869.407420635,72.482475
2017-10-13,2017-10-13,Friday,72.54312003564985,17194284.728522778,73.903526
2017-10-20,2017-10-20,Friday,78.64937677218775,23740423.212557793,75.16243
2017-10-27,2017-10-27,Friday,89.1637962870714,-23266051.87037754,79.931007
2017-11-03,2017-11-03,Friday,83.99880697005563,-24849338.286616325,80.245743
2017-11-10,2017-11-10,Friday,74.94474260138134,7203044.350410461,79.988243
2017-11-17,2017-11-17,Friday,60.14671775134077,10088142.787806988,78.980957
2017-11-24,2017-11-24,Friday,62.740105683201996,7288104.565000534,79.80526
2017-12-01,2017-12-01,Friday,62.21118880187444,11381567.053519726,80.763763
2017-12-08,2017-12-08,Friday,58.07043212293356,4176208.899849415,80.667915
2017-12-15,2017-12-15,Friday,65.57418284064126,11760738.476171494,83.2463
2017-12-22,2017-12-22,Friday,57.97284528402397,2306814.2698955536,81.961891
2017-12-29,2017-12-29,Friday,57.4444170927362,-291463.6114630699,81.990669
2018-01-05,2018-01-05,Friday,70.57701368674401,6505737.473466396,84.530701
2018-01-12,2018-01-12,Friday,73.95215627040196,19122051.61956644,85.882187
2018-01-19,2018-01-19,Friday,68.73371310821635,7211835.520061493,86.265594
2018-01-26,2018-01-26,Friday,80.17111000183881,3114502.1302142143,90.157143
2018-02-02,2018-02-02,Friday,56.65087497955719,-15163802.055511475,87.971733
2018-02-09,2018-02-09,Friday,46.643831925034924,-23444792.15872097,84.521103
2018-02-16,2018-02-16,Friday,55.90553502892086,22584182.80124092,88.596848
2018-02-23,2018-02-23,Friday,59.91097992003899,10513398.568678379,90.580643
2018-03-02,2018-03-02,Friday,55.00050988070122,323382.18548059464,89.608009
2018-03-09,2018-03-09,Friday,64.36701965939329,23447190.136606693,92.968887
2018-03-16,2018-03-16,Friday,55.73386416642473,4530244.413075924,91.10067
2018-03-23,2018-03-23,Friday,33.198972095194826,-40755680.01226807,83.955154
2018-04-06,2018-04-06,Friday,46.82176824270563,-683884.3023576736,86.892326
2018-04-13,2018-04-13,Friday,52.9733907656725,-9823163.792483807,89.636894
2018-04-20,2018-04-20,Friday,55.60871176782554,4251053.944787979,91.485863
2018-04-27,2018-04-27,Friday,56.81503214087789,-1379921.9303245544,92.275536
2018-05-04,2018-05-04,Friday,54.21057641445678,237762.05468273163,91.639946
2018-05-11,2018-05-11,Friday,59.898864366255744,32784178.18568611,94.085976
2018-05-18,2018-05-18,Friday,55.22809914022042,17000121.453549862,93.197762
2018-05-25,2018-05-25,Friday,60.92587011420439,17467429.22821045,95.132141
2018-06-01,2018-06-01,Friday,68.12622699915448,12745703.005215645,97.482384
2018-06-08,2018-06-08,Friday,65.08114133471626,22596057.565667152,98.294823
2018-06-15,2018-06-15,Friday,54.81771575981944,-15621867.823517323,96.84404
2018-06-22,2018-06-22,Friday,53.53347327622237,-3355589.1726408005,97.114868
2018-06-29,2018-06-29,Friday,46.63000855123252,-19824215.463421345,95.37394
2018-07-06,2018-07-06,Friday,57.03091929395643,-1731091.7997527122,97.840256
2018-07-13,2018-07-13,Friday,69.94629166500962,19083028.494683743,101.970116
2018-07-20,2018-07-20,Friday,66.75051762659194,-10217138.039472103,102.782555
2018-07-27,2018-07-27,Friday,61.41393999607584,-12437096.734531403,104.146278
2018-08-03,2018-08-03,Friday,60.60732687647437,6473268.200244904,104.494476
2018-08-10,2018-08-10,Friday,61.62577212389081,11311893.055950165,105.422966
2018-08-17,2018-08-17,Friday,54.9892490416911,-1618978.8900146484,104.449982
2018-08-24,2018-08-24,Friday,57.780171473318845,-1351719.788798809,105.246117
2018-08-31,2018-08-31,Friday,69.73928990627782,19666298.560115814,109.061783
2018-09-07,2018-09-07,Friday,49.10227329438531,15613999.313469887,105.061653
2018-09-14,2018-09-14,Friday,66.1209595015082,27505723.33204317,110.071526
2018-09-21,2018-09-21,Friday,63.67754822049516,12200680.272761822,110.935631
2018-09-28,2018-09-28,Friday,62.43979220157002,7108175.646346569,111.042427
2018-10-05,2018-10-05,Friday,48.509618968151315,2716171.9945192337,108.867607
2018-10-12,2018-10-12,Friday,45.12652761216957,-22188067.025292397,106.382088
2018-10-19,2018-10-19,Friday,44.53863238018571,-20715251.829674244,105.498566
2018-10-26,2018-10-26,Friday,44.962795230627435,-10926414.166767597,103.848022
2018-11-02,2018-11-02,Friday,45.51434404702412,761344.4105567932,103.071304
2018-11-09,2018-11-09,Friday,51.802455530715655,19747741.086283684,106.382088
2018-11-16,2018-11-16,Friday,51.11022413554536,-5097251.664410591,105.593529
2018-11-23,2018-11-23,Friday,42.15486500554741,-2308353.172097683,100.503517
2018-11-30,2018-11-30,Friday,57.48295121460444,46093886.64683342,108.128792
2018-12-07,2018-12-07,Friday,44.33989788029345,22082982.023651123,102.209938
2018-12-14,2018-12-14,Friday,46.27021181127759,-18615743.440574646,103.389809
2018-12-21,2018-12-21,Friday,34.35165654748752,-44458836.04592037,95.784027
2018-12-28,2018-12-28,Friday,43.06903452914121,-14878543.328406334,97.890251
2019-01-04,2019-01-04,Friday,47.688302957265975,-236290.78104925156,99.391899
2019-01-11,2019-01-11,Friday,49.05718789955267,17697622.397908688,100.240234
2019-01-18,2019-01-18,Friday,58.892724382368,32501877.13853836,105.027977
2019-01-25,2019-01-25,Friday,56.645120697252906,27244409.725502968,104.501427
2019-02-01,2019-02-01,Friday,46.21097388687196,21391872.496502876,100.220734
2019-02-08,2019-02-08,Friday,51.77234314213545,36742343.89126778,103.03878
2019-02-15,2019-02-15,Friday,57.80674905885487,26456778.08122921,105.525269
2019-02-22,2019-02-22,Friday,64.76855079899435,33958688.16193199,108.668922
2019-03-01,2019-03-01,Friday,67.34531799933343,20091186.299027443,110.196579
2019-03-08,2019-03-08,Friday,56.943029422045356,6512521.09551239,108.21846
2019-03-15,2019-03-15,Friday,72.25214817110987,13948030.395258427,113.506485
2019-03-22,2019-03-22,Friday,63.95940322695951,8885490.40583229,114.622833
2019-03-29,2019-03-29,Friday,64.13727238001087,9756316.18581438,115.494392
2019-04-05,2019-04-05,Friday,67.45538896623022,18992408.419029713,117.403961
2019-04-12,2019-04-12,Friday,68.95989416917409,24995569.48207283,118.441963
2019-04-26,2019-04-26,Friday,84.1490158339138,13326488.101489067,127.196594
2019-05-03,2019-05-03,Friday,67.52104856534704,490266.5375902653,126.227119
2019-05-10,2019-05-10,Friday,59.52832706615373,18133660.019069433,124.493828
2019-05-17,2019-05-17,Friday,59.383884609209424,9577917.509061337,125.878578
2019-05-24,2019-05-24,Friday,53.08470108891069,3854477.4914500713,124.07988
2019-05-31,2019-05-31,Friday,45.29469053708063,38111.45269155502,121.563683
2019-06-07,2019-06-07,Friday,62.79267217519086,24822710.039542437,129.151581
2019-06-14,2019-06-14,Friday,63.21903551630614,8042767.157938004,130.183624
2019-06-21,2019-06-21,Friday,71.13514456854305,18261377.2028203,134.626282
2019-06-28,2019-06-28,Friday,57.929972524931195,-6353744.987286568,131.667801
2019-07-05,2019-07-05,Friday,64.2645278296293,8713361.565711737,134.714737
2019-07-12,2019-07-12,Friday,67.78077430509933,14329550.1046319,136.523254
2019-07-19,2019-07-19,Friday,56.5216204536807,-10933237.661976337,134.282257
2019-07-26,2019-07-26,Friday,68.96592425516026,7315775.352510214,138.921494
2019-08-02,2019-08-02,Friday,48.96877914914125,-8608863.75512886,134.557465
2019-08-09,2019-08-09,Friday,52.184217444206794,17207948.556485653,135.353622
2019-08-16,2019-08-16,Friday,50.11410662400158,10137639.704765797,134.246216
2019-08-23,2019-08-23,Friday,43.9644525625103,-4100784.31172204,131.544113
2019-08-30,2019-08-30,Friday,53.32903945737054,11334404.101950169,135.952271
2019-09-06,2019-09-06,Friday,55.089527661575055,16139442.959106684,137.17511
2019-09-13,2019-09-13,Friday,51.071421160888086,13987888.684301615,135.419739
2019-09-20,2019-09-20,Friday,55.24390762056116,15579647.1079247,137.510391
2019-09-27,2019-09-27,Friday,49.72359718762821,2340770.1647918224,135.824051
2019-10-04,2019-10-04,Friday,51.38882788092428,6844878.097398281,136.208664
2019-10-11,2019-10-11,Friday,55.19794712915166,-7801730.813314676,137.74707
2019-10-18,2019-10-18,Friday,47.499862894779795,-11531895.7681911,135.508499
2019-10-25,2019-10-25,Friday,56.205235889678576,10173703.894292831,138.782547
2019-11-01,2019-11-01,Friday,59.58617141773619,-3473354.831202507,141.731186
2019-11-08,2019-11-08,Friday,64.05692025808759,3780435.484712124,143.940186
2019-11-15,2019-11-15,Friday,72.63515947456624,26385265.120941162,147.894684
2019-11-22,2019-11-22,Friday,71.39911548403336,18246058.041311264,148.021912
2019-11-29,2019-11-29,Friday,71.21723392488543,20372213.313078403,149.793152
2019-12-06,2019-12-06,Friday,67.66108006869776,20532275.577610254,150.159271
2019-12-13,2019-12-13,Friday,73.65946638299302,26435057.925427437,152.910126
2019-12-20,2019-12-20,Friday,75.77422055370488,13972275.981422424,155.759949
2019-12-27,2019-12-27,Friday,78.84416797184238,8944921.131716728,157.293686
2020-01-03,2020-01-03,Friday,65.79076913109752,16692524.415645838,156.95726
2020-01-10,2020-01-10,Friday,67.18186596119793,14522610.60867405,159.648727
2020-01-17,2020-01-17,Friday,74.77147298351846,21552494.961341143,165.348358
2020-01-24,2020-01-24,Friday,63.770845994094984,-2135584.2340745926,163.309952
2020-01-31,2020-01-31,Friday,65.2846330366534,14123173.101397276,168.445557
2020-02-07,2020-02-07,Friday,78.37398855074188,25585797.130390167,181.962357
2020-02-14,2020-02-14,Friday,70.969624982051,15400923.796662092,183.407059
2020-02-21,2020-02-21,Friday,54.3271022976263,7839134.178150177,177.200607
2020-02-28,2020-02-28,Friday,37.834803822620025,-36936002.611062765,160.749588
2020-03-06,2020-03-06,Friday,41.803954895379455,11628609.605344534,160.313034
2020-03-13,2020-03-13,Friday,46.50496613585546,-6865480.389358282,157.594345
2020-03-20,2020-03-20,Friday,39.83262719692652,-32227423.812707186,136.281433
2020-03-27,2020-03-27,Friday,47.40397262463523,-12983026.85900402,148.535355
2020-04-03,2020-04-03,Friday,49.357265947496586,-11863439.375867128,152.63324
2020-04-17,2020-04-17,Friday,62.62362606640923,54399691.360758305,177.210526
2020-04-24,2020-04-24,Friday,57.32125341558161,15383250.324227333,173.192032
2020-05-01,2020-05-01,Friday,55.2132043009296,11582746.357625961,173.211899
2020-05-08,2020-05-08,Friday,62.485316172137075,6764844.89828825,183.24321
2020-05-15,2020-05-15,Friday,58.63572817354329,17863490.889469147,181.735046
2020-05-22,2020-05-22,Friday,57.754377040210635,-739957.2047708035,182.589432
2020-05-29,2020-05-29,Friday,56.99088860927961,1765121.5309073925,182.33075
2020-06-05,2020-06-05,Friday,60.99509435869823,29076907.48070693,186.260925
2020-06-12,2020-06-12,Friday,55.48445767877397,17599285.776433468,186.798218
2020-06-19,2020-06-19,Friday,62.35918103411835,129687.55120229721,194.171036
2020-06-26,2020-06-26,Friday,57.646323660986845,-7556178.620849609,195.345123
2020-07-10,2020-07-10,Friday,70.05334531105464,22758211.123719215,212.598145
2020-07-17,2020-07-17,Friday,51.986867535905134,10823156.154724836,201.862274
2020-07-24,2020-07-24,Friday,47.88366067751853,-2763988.5943551064,200.290207
2020-07-31,2020-07-31,Friday,52.30132532917893,28402915.372936726,203.981583
2020-08-07,2020-08-07,Friday,56.84634549436183,53511666.912857056,211.414124
2020-08-14,2020-08-14,Friday,52.26130780574408,8178786.948349237,207.852066
2020-08-21,2020-08-21,Friday,56.62438138662298,-846815.100455761,212.46376
2020-08-28,2020-08-28,Friday,71.44263842945253,18901714.54273534,228.312271
2020-09-04,2020-09-04,Friday,48.60166306400674,13104577.791345596,213.690552
2020-09-11,2020-09-11,Friday,42.206186576464525,-21686783.29748845,203.497238
2020-09-18,2020-09-18,Friday,40.182336708404705,-16994863.580581427,199.86673
2020-09-25,2020-09-25,Friday,49.3273917458957,15363510.503986359,207.277344
2020-10-02,2020-10-02,Friday,47.428294789021436,-5770701.818140507,205.651596
2020-10-09,2020-10-09,Friday,56.66009799709225,16090107.827729702,215.246475
2020-10-16,2020-10-16,Friday,58.23868282730413,13012716.180277586,219.086426
2020-10-23,2020-10-23,Friday,53.9592738936574,1184930.5768179893,215.665375
2020-10-30,2020-10-30,Friday,39.57230643958914,-17351813.107809305,201.941315
2020-11-06,2020-11-06,Friday,61.972768379367984,13762686.028208494,223.135818
2020-11-13,2020-11-13,Friday,53.16429790685313,-9980275.895496368,215.944641
2020-11-20,2020-11-20,Friday,46.97759681489995,-15554240.522069931,210.389999
